{"stats":{"minecraft:picked_up":{"biomesoplenty:redwood_log":2,"born_in_chaos_v1:corpse_maggot":2,"patchouli:guide_book":1,"minecraft:torch":1,"gravestone:obituary":2,"origins:orb_of_origin":1,"minecraft:leather_boots":1,"minecraft:bone":1,"minecraft:stone_sword":1,"minecraft:rotten_flesh":4,"minecraft:apple":9,"not_just_sandwich:sweet_berries_jam_bottle":1,"minecraft:bread":7,"biomesoplenty:redwood_wood":3,"minecraft:coal":1},"minecraft:crafted":{"minecraft:wooden_sword":2,"minecraft:crafting_table":1,"minecraft:stick":4,"biomesoplenty:redwood_planks":20,"minecraft:wooden_pickaxe":1},"minecraft:dropped":{"minecraft:bread":7,"minecraft:stone_sword":1,"minecraft:torch":2,"minecraft:leather_boots":1,"gravestone:obituary":2,"minecraft:apple":9},"minecraft:used":{"minecraft:stone_sword":7,"minecraft:bundle":1,"minecraft:bread":2,"minecraft:wooden_sword":2,"minecraft:crafting_table":1},"minecraft:mined":{"treechop:chopped_log":1,"biomesoplenty:redwood_log":2,"biomesoplenty:redwood_wood":2},"minecraft:custom":{"minecraft:time_since_rest":23914,"minecraft:sprint_one_cm":4544,"minecraft:damage_taken":710,"minecraft:walk_one_cm":23755,"minecraft:drop":8,"minecraft:damage_dealt":331,"minecraft:interact_with_crafting_table":2,"minecraft:fly_one_cm":2241,"minecraft:crouch_one_cm":1423,"minecraft:play_time":23914,"minecraft:sneak_time":427,"minecraft:walk_under_water_one_cm":1068,"minecraft:jump":41,"minecraft:leave_game":2,"minecraft:walk_on_water_one_cm":722,"minecraft:time_since_death":23914,"minecraft:total_world_time":23914,"minecraft:damage_resisted":0,"minecraft:fall_one_cm":3324}},"DataVersion":3465}