{"stats":{"minecraft:picked_up":{"biomesoplenty:redwood_log":2,"born_in_chaos_v1:corpse_maggot":4,"patchouli:guide_book":1,"minecraft:torch":1,"gravestone:obituary":3,"origins:orb_of_origin":1,"minecraft:leather_boots":1,"minecraft:bone":2,"minecraft:stone_sword":1,"minecraft:rotten_flesh":8,"minecraft:apple":9,"not_just_sandwich:sweet_berries_jam_bottle":1,"minecraft:bread":7,"biomesoplenty:redwood_wood":3,"minecraft:coal":1},"minecraft:crafted":{"minecraft:wooden_sword":2,"minecraft:crafting_table":1,"minecraft:stick":4,"biomesoplenty:redwood_planks":20,"minecraft:wooden_pickaxe":1},"minecraft:dropped":{"minecraft:gravel":1,"minecraft:bread":7,"minecraft:dirt":12,"minecraft:sugar_cane":2,"minecraft:oak_log":11,"minecraft:stone_sword":3,"minecraft:torch":2,"biomesoplenty:redwood_sapling":53,"minecraft:andesite":1,"minecraft:wooden_axe":1,"biomesoplenty:redwood_wood":229,"mysticalagriculture:inferium_essence":2,"born_in_chaos_v1:corpse_maggot":4,"minecraft:leather_boots":1,"minecraft:oak_sapling":7,"minecraft:oak_planks":8,"minecraft:rotten_flesh":8,"minecraft:wooden_sword":1,"gravestone:obituary":2,"biomesoplenty:redwood_planks":442,"minecraft:apple":9,"minecraft:sand":3,"minecraft:wooden_pickaxe":1,"minecraft:carrot":1,"minecraft:bone":2,"minecraft:stick":31},"minecraft:used":{"minecraft:apple":2,"minecraft:stone_sword":26,"minecraft:bundle":1,"minecraft:glass_bottle":3,"minecraft:bread":4,"minecraft:stone_axe":1,"minecraft:wooden_sword":2,"minecraft:potion":2,"minecraft:crafting_table":1},"minecraft:mined":{"minecraft:fire":1,"treechop:chopped_log":1,"gravestone:gravestone":1,"biomesoplenty:redwood_log":2,"biomesoplenty:redwood_wood":2},"minecraft:custom":{"minecraft:time_since_rest":38817,"minecraft:sprint_one_cm":11103,"minecraft:damage_taken":901,"minecraft:walk_one_cm":54729,"minecraft:drop":52,"minecraft:damage_dealt":795,"minecraft:interact_with_crafting_table":2,"minecraft:fly_one_cm":23573,"minecraft:crouch_one_cm":1585,"minecraft:play_time":38817,"minecraft:sneak_time":481,"minecraft:walk_under_water_one_cm":2285,"minecraft:jump":184,"minecraft:leave_game":3,"minecraft:walk_on_water_one_cm":10790,"minecraft:time_since_death":38817,"minecraft:total_world_time":38817,"minecraft:damage_resisted":0,"minecraft:fall_one_cm":3951}},"DataVersion":3465}