{"stats":{"minecraft:picked_up":{"biomesoplenty:redwood_log":2,"minecraft:leather_boots":1,"minecraft:stone_sword":1,"minecraft:apple":9,"minecraft:torch":1,"gravestone:obituary":2,"minecraft:bread":7,"origins:orb_of_origin":1,"biomesoplenty:redwood_wood":3},"minecraft:crafted":{"minecraft:wooden_sword":2,"minecraft:crafting_table":1,"biomesoplenty:redwood_planks":20,"minecraft:stick":4,"minecraft:wooden_pickaxe":1},"minecraft:dropped":{"minecraft:bread":7,"gravestone:obituary":2,"minecraft:apple":9,"minecraft:stone_sword":1,"minecraft:torch":2,"minecraft:leather_boots":1},"minecraft:used":{"minecraft:stone_sword":7,"minecraft:wooden_sword":2,"minecraft:crafting_table":1,"minecraft:bundle":1,"minecraft:bread":2},"minecraft:mined":{"biomesoplenty:redwood_log":2,"treechop:chopped_log":1,"biomesoplenty:redwood_wood":2},"minecraft:custom":{"minecraft:time_since_rest":7253,"minecraft:crouch_one_cm":1423,"minecraft:play_time":7253,"minecraft:sprint_one_cm":4544,"minecraft:damage_taken":393,"minecraft:walk_one_cm":20949,"minecraft:walk_under_water_one_cm":1068,"minecraft:sneak_time":427,"minecraft:drop":8,"minecraft:jump":38,"minecraft:damage_dealt":331,"minecraft:leave_game":1,"minecraft:walk_on_water_one_cm":722,"minecraft:time_since_death":7253,"minecraft:total_world_time":7253,"minecraft:interact_with_crafting_table":2,"minecraft:fall_one_cm":3324,"minecraft:fly_one_cm":2014}},"DataVersion":3465}