{"stats":{"minecraft:killed_by":{"minecraft:player":1},"minecraft:picked_up":{"minecraft:wooden_axe":1,"minecraft:birch_log":5,"born_in_chaos_v1:corpse_maggot":2,"minecraft:crafting_table":1,"minecraft:andesite":2,"minecraft:wooden_pickaxe":2,"minecraft:chain":1,"minecraft:oak_log":28,"gravestone:obituary":5,"minecraft:dirt":24,"minecraft:wooden_sword":2,"minecraft:leather_boots":2,"minecraft:apple":10,"biomesoplenty:redwood_slab":3,"minecraft:wheat_seeds":2,"mysticalagriculture:inferium_essence":4,"not_just_sandwich:sweet_berries_jam_bottle":2,"minecraft:glass_bottle":1,"biomesoplenty:redwood_wood":522,"minecraft:sugar_cane":2,"minecraft:oak_planks":10,"minecraft:stick":72,"patchouli:guide_book":2,"born_in_chaos_v1:phantom_powder":1,"minecraft:torch":3,"born_in_chaos_v1:ethereal_spirit":2,"minecraft:gravel":2,"minecraft:sand":6,"minecraft:carrot":2,"origins:orb_of_origin":3,"alexsmobs:animal_dictionary":1,"minecraft:bundle":2,"biomesoplenty:redwood_planks":800,"minecraft:stone_sword":4,"minecraft:rotten_flesh":2,"minecraft:chainmail_leggings":1,"minecraft:bread":10,"biomesoplenty:redwood_sapling":106,"minecraft:oak_sapling":14,"minecraft:coal":1,"minecraft:cobblestone":20},"minecraft:crafted":{"minecraft:wooden_sword":1,"minecraft:oak_planks":24,"minecraft:crafting_table":1,"minecraft:wooden_pickaxe":1,"minecraft:stone_axe":1,"minecraft:stick":8,"minecraft:stone_pickaxe":1,"minecraft:wooden_axe":1,"minecraft:stone_sword":1},"minecraft:killed":{"born_in_chaos_v1:decrepit_skeleton":1,"minecraft:zombie":1,"born_in_chaos_v1:door_knight":1},"minecraft:dropped":{"minecraft:bread":10,"minecraft:stone_sword":1,"minecraft:glass_bottle":1,"biomesoplenty:redwood_wood":128,"minecraft:cobblestone":6,"minecraft:rotten_flesh":2,"minecraft:apple":9,"minecraft:coal":1,"patchouli:guide_book":1,"minecraft:stick":6,"minecraft:torch":1,"minecraft:bundle":1,"minecraft:leather_boots":1,"gravestone:obituary":5},"minecraft:used":{"minecraft:stone_sword":8,"minecraft:bundle":2,"minecraft:glass_bottle":12,"biomesoplenty:redwood_planks":47,"minecraft:stone_pickaxe":15,"minecraft:oak_planks":8,"minecraft:wooden_pickaxe":9,"minecraft:leather_boots":1,"minecraft:torch":3,"minecraft:crafting_table":2,"not_just_sandwich:sweet_berries_jam_bottle":2,"minecraft:wooden_axe":12,"minecraft:apple":4,"minecraft:bread":10,"minecraft:stone_axe":62,"minecraft:potion":11,"minecraft:chainmail_leggings":1},"minecraft:mined":{"biomesoplenty:redwood_planks":2,"minecraft:crafting_table":1,"minecraft:torch":2,"gravestone:gravestone":3,"minecraft:grass_block":4,"minecraft:cobblestone":7,"minecraft:oak_planks":2,"minecraft:sugar_cane":1,"minecraft:wall_torch":1,"minecraft:andesite":1,"treechop:chopped_log":5,"biomesoplenty:clover":1,"minecraft:grass":3,"minecraft:gravel":1,"minecraft:sand":3,"minecraft:dirt":9,"minecraft:stone":7,"minecraft:oak_leaves":1,"minecraft:fern":1},"minecraft:custom":{"minecraft:interact_with_furnace":1,"minecraft:mob_kills":4,"minecraft:interact_with_crafting_table":6,"minecraft:leave_game":1,"minecraft:time_since_death":2810,"minecraft:damage_resisted":0,"minecraft:time_since_rest":2839,"minecraft:sprint_one_cm":156178,"minecraft:damage_taken":2991,"minecraft:walk_one_cm":297086,"minecraft:drop":20,"minecraft:damage_dealt":1422,"minecraft:swim_one_cm":26907,"minecraft:fly_one_cm":174557,"minecraft:crouch_one_cm":1007,"minecraft:play_time":55933,"minecraft:deaths":5,"minecraft:sneak_time":476,"minecraft:walk_under_water_one_cm":5890,"minecraft:jump":544,"minecraft:walk_on_water_one_cm":37413,"minecraft:total_world_time":55933,"minecraft:interact_with_smoker":1,"minecraft:fall_one_cm":23779}},"DataVersion":3465}