{"stats":{"minecraft:picked_up":{"minecraft:leather_boots":1,"minecraft:stone_sword":1,"minecraft:apple":10,"minecraft:torch":1,"not_just_sandwich:sweet_berries_jam_bottle":1,"minecraft:oak_log":6,"minecraft:bread":7,"minecraft:oak_sapling":2,"origins:orb_of_origin":1},"minecraft:dropped":{"minecraft:bread":7,"minecraft:apple":9,"minecraft:stone_sword":1,"minecraft:torch":1,"minecraft:leather_boots":1},"minecraft:used":{"minecraft:stone_sword":1,"minecraft:bundle":1,"minecraft:bread":3,"minecraft:leather_boots":1},"minecraft:mined":{"treechop:chopped_log":1},"minecraft:custom":{"minecraft:time_since_rest":17912,"minecraft:crouch_one_cm":415,"minecraft:sprint_one_cm":13567,"minecraft:play_time":17912,"minecraft:damage_taken":372,"minecraft:walk_one_cm":34332,"minecraft:sneak_time":28,"minecraft:walk_under_water_one_cm":654,"minecraft:drop":5,"minecraft:jump":39,"minecraft:damage_dealt":193,"minecraft:walk_on_water_one_cm":595,"minecraft:time_since_death":17912,"minecraft:total_world_time":17912,"minecraft:damage_resisted":0,"minecraft:fall_one_cm":5796,"minecraft:fly_one_cm":15571}},"DataVersion":3465}