{"stats":{"minecraft:killed_by":{"minecraft:player":1},"minecraft:picked_up":{"minecraft:crafting_table":1,"minecraft:andesite":1,"minecraft:oak_log":17,"gravestone:obituary":4,"minecraft:dirt":12,"minecraft:leather_boots":1,"minecraft:apple":10,"mysticalagriculture:inferium_essence":2,"not_just_sandwich:sweet_berries_jam_bottle":1,"biomesoplenty:redwood_wood":421,"minecraft:stick":39,"minecraft:torch":3,"minecraft:gravel":1,"minecraft:sand":3,"minecraft:carrot":1,"origins:orb_of_origin":1,"minecraft:bundle":1,"biomesoplenty:redwood_planks":435,"minecraft:stone_sword":2,"minecraft:rotten_flesh":2,"minecraft:chainmail_leggings":1,"minecraft:bread":7,"biomesoplenty:redwood_sapling":53,"minecraft:oak_sapling":7,"minecraft:cobblestone":20},"minecraft:crafted":{"minecraft:wooden_sword":1,"minecraft:oak_planks":24,"minecraft:crafting_table":1,"minecraft:wooden_pickaxe":1,"minecraft:stone_axe":1,"minecraft:stick":8,"minecraft:stone_pickaxe":1,"minecraft:wooden_axe":1,"minecraft:stone_sword":1},"minecraft:killed":{"born_in_chaos_v1:decrepit_skeleton":1,"minecraft:zombie":1,"born_in_chaos_v1:door_knight":1},"minecraft:dropped":{"minecraft:bread":7,"minecraft:stone_sword":1,"biomesoplenty:redwood_wood":128,"minecraft:cobblestone":6,"minecraft:rotten_flesh":2,"minecraft:apple":9,"patchouli:guide_book":1,"minecraft:stick":6,"minecraft:torch":1,"minecraft:bundle":1,"minecraft:leather_boots":1,"gravestone:obituary":5},"minecraft:used":{"minecraft:stone_sword":8,"minecraft:bundle":1,"minecraft:glass_bottle":4,"minecraft:stone_pickaxe":9,"minecraft:wooden_pickaxe":9,"minecraft:leather_boots":1,"minecraft:torch":3,"minecraft:crafting_table":2,"not_just_sandwich:sweet_berries_jam_bottle":1,"minecraft:wooden_axe":6,"minecraft:apple":4,"minecraft:bread":7,"minecraft:stone_axe":62,"minecraft:potion":4},"minecraft:mined":{"biomesoplenty:redwood_planks":1,"minecraft:crafting_table":1,"minecraft:torch":2,"gravestone:gravestone":3,"minecraft:grass_block":4,"minecraft:cobblestone":6,"minecraft:wall_torch":1,"minecraft:andesite":1,"treechop:chopped_log":4,"minecraft:grass":2,"minecraft:gravel":1,"minecraft:sand":3,"minecraft:dirt":9,"minecraft:stone":2,"minecraft:oak_leaves":1,"minecraft:fern":1},"minecraft:custom":{"minecraft:interact_with_furnace":1,"minecraft:mob_kills":4,"minecraft:interact_with_crafting_table":6,"minecraft:time_since_death":960,"minecraft:damage_resisted":0,"minecraft:time_since_rest":994,"minecraft:sprint_one_cm":120729,"minecraft:damage_taken":1732,"minecraft:walk_one_cm":197603,"minecraft:drop":17,"minecraft:damage_dealt":1423,"minecraft:swim_one_cm":14199,"minecraft:fly_one_cm":119244,"minecraft:crouch_one_cm":838,"minecraft:play_time":41912,"minecraft:deaths":3,"minecraft:sneak_time":285,"minecraft:walk_under_water_one_cm":1782,"minecraft:jump":349,"minecraft:walk_on_water_one_cm":11525,"minecraft:total_world_time":41912,"minecraft:interact_with_smoker":1,"minecraft:fall_one_cm":20201}},"DataVersion":3465}