{"stats":{"minecraft:picked_up":{"minecraft:stick":27,"minecraft:crafting_table":1,"minecraft:andesite":1,"minecraft:torch":1,"minecraft:gravel":1,"minecraft:sand":3,"minecraft:oak_log":17,"origins:orb_of_origin":1,"minecraft:dirt":12,"biomesoplenty:redwood_planks":370,"minecraft:leather_boots":1,"minecraft:stone_sword":1,"minecraft:apple":10,"not_just_sandwich:sweet_berries_jam_bottle":1,"minecraft:bread":7,"biomesoplenty:redwood_sapling":46,"biomesoplenty:redwood_wood":280,"minecraft:oak_sapling":7,"minecraft:cobblestone":8},"minecraft:crafted":{"minecraft:wooden_sword":1,"minecraft:oak_planks":24,"minecraft:crafting_table":1,"minecraft:stick":8,"minecraft:stone_pickaxe":1,"minecraft:wooden_pickaxe":1,"minecraft:wooden_axe":1,"minecraft:stone_sword":1,"minecraft:stone_axe":1},"minecraft:dropped":{"minecraft:bread":7,"minecraft:stone_sword":1,"minecraft:torch":1,"minecraft:leather_boots":1,"minecraft:apple":9},"minecraft:used":{"minecraft:wooden_axe":6,"minecraft:stone_sword":8,"minecraft:bundle":1,"minecraft:bread":6,"minecraft:stone_pickaxe":9,"minecraft:wooden_pickaxe":9,"minecraft:leather_boots":1,"minecraft:stone_axe":46,"minecraft:crafting_table":2,"not_just_sandwich:sweet_berries_jam_bottle":1},"minecraft:mined":{"minecraft:andesite":1,"treechop:chopped_log":4,"minecraft:crafting_table":1,"minecraft:grass":2,"minecraft:grass_block":4,"minecraft:sand":3,"minecraft:gravel":1,"minecraft:dirt":9,"minecraft:cobblestone":6,"minecraft:stone":2,"minecraft:oak_leaves":1},"minecraft:custom":{"minecraft:time_since_rest":29912,"minecraft:sprint_one_cm":55446,"minecraft:damage_taken":686,"minecraft:walk_one_cm":100434,"minecraft:drop":5,"minecraft:damage_dealt":433,"minecraft:swim_one_cm":11517,"minecraft:interact_with_crafting_table":6,"minecraft:fly_one_cm":71662,"minecraft:crouch_one_cm":415,"minecraft:play_time":29912,"minecraft:sneak_time":52,"minecraft:walk_under_water_one_cm":1394,"minecraft:jump":158,"minecraft:time_since_death":29912,"minecraft:walk_on_water_one_cm":9457,"minecraft:total_world_time":29912,"minecraft:damage_resisted":0,"minecraft:fall_one_cm":18132}},"DataVersion":3465}