{"stats":{"minecraft:broken":{"minecraft:leather_boots":1},"minecraft:picked_up":{"biomesoplenty:redwood_log":12,"born_in_chaos_v1:corpse_maggot":2,"minecraft:crafting_table":1,"croptopia:radish":3,"croptopia:grape_seed":1,"biomesoplenty:stripped_redwood_wood":1,"minecraft:oak_log":6,"minecraft:chain":1,"gravestone:obituary":1,"croptopia:blueberry_seed":1,"minecraft:dirt":15,"minecraft:leather_boots":1,"minecraft:apple":9,"minecraft:kelp":91,"minecraft:wheat_seeds":3,"mysticalagriculture:inferium_essence":2,"minecraft:stone_pickaxe":1,"croptopia:blueberry":1,"biomesoplenty:redwood_wood":222,"minecraft:furnace":1,"minecraft:stick":21,"minecraft:sandstone":4,"croptopia:blackbean":1,"born_in_chaos_v1:phantom_powder":1,"minecraft:torch":2,"born_in_chaos_v1:ethereal_spirit":4,"croptopia:blackbean_seed":1,"epicfight:skillbook":1,"born_in_chaos_v1:dark_rod":1,"minecraft:sand":5,"croptopia:grape":1,"biomesoplenty:redwood_planks":1,"minecraft:stone_sword":1,"minecraft:rotten_flesh":2,"minecraft:chainmail_leggings":1,"croptopia:radish_seed":6,"minecraft:bread":7,"biomesoplenty:redwood_sapling":29,"minecraft:oak_sapling":1,"minecraft:coal":20,"alexsmobs:flying_fish":1,"minecraft:cobblestone":25},"minecraft:crafted":{"minecraft:oak_planks":16,"biomesoplenty:redwood_planks":912,"minecraft:dried_kelp":55,"minecraft:furnace":2,"spartanweaponry:wooden_club":1,"biomesoplenty:redwood_slab":126,"minecraft:stone_axe":1,"minecraft:air":0,"minecraft:stick":220,"minecraft:stone_pickaxe":1,"minecraft:smoker":1},"minecraft:killed":{"born_in_chaos_v1:restless_spirit":2,"born_in_chaos_v1:maggot":3,"minecraft:skeleton":1,"minecraft:zombie":2,"born_in_chaos_v1:dark_vortex":1,"alexsmobs:flying_fish":1},"minecraft:dropped":{"minecraft:bread":7,"minecraft:wheat_seeds":2,"minecraft:stone_sword":1,"biomesoplenty:redwood_sapling":10,"minecraft:glass_bottle":1,"born_in_chaos_v1:ethereal_spirit":2,"minecraft:rotten_flesh":2,"biomesoplenty:redwood_planks":434,"minecraft:apple":9,"not_just_sandwich:sweet_berries_jam_bottle":2,"minecraft:dirt":2,"origins:orb_of_origin":2,"minecraft:torch":1,"mysticalagriculture:inferium_essence":2,"born_in_chaos_v1:corpse_maggot":2,"minecraft:leather_boots":1,"gravestone:obituary":3,"minecraft:stone_pickaxe":1,"minecraft:chainmail_leggings":1},"minecraft:used":{"epicfight:skillbook":1,"minecraft:stone_sword":13,"minecraft:dried_kelp":40,"minecraft:bundle":1,"minecraft:glass_bottle":25,"biomesoplenty:redwood_planks":16,"minecraft:stone_pickaxe":27,"biomesoplenty:redwood_sapling":1,"minecraft:sandstone":4,"minecraft:torch":2,"minecraft:dirt":13,"minecraft:sand":5,"not_just_sandwich:sweet_berries_jam_bottle":1,"minecraft:smoker":1,"alexsmobs:flying_fish":1,"biomesoplenty:redwood_wood":1,"minecraft:bread":7,"spartanweaponry:wooden_club":46,"minecraft:stone_axe":74,"minecraft:cobblestone":3,"minecraft:potion":24,"minecraft:furnace":2,"toughasnails:melon_juice":1,"minecraft:oak_sapling":1},"minecraft:mined":{"biomesoplenty:redwood_planks":1,"minecraft:kelp_plant":10,"croptopia:grape_crop":1,"minecraft:crafting_table":1,"gravestone:gravestone":2,"minecraft:grass_block":1,"minecraft:cobblestone":1,"minecraft:deepslate_coal_ore":16,"minecraft:kelp":1,"minecraft:sandstone":4,"minecraft:seagrass":2,"minecraft:tall_seagrass":1,"minecraft:furnace":1,"treechop:chopped_log":4,"minecraft:coal_ore":5,"biomesoplenty:redwood_log":2,"croptopia:radish_crop":3,"minecraft:sand":2,"minecraft:dirt":1,"minecraft:stone":30,"biomesoplenty:redwood_wood":4,"minecraft:fern":1},"minecraft:custom":{"minecraft:interact_with_furnace":9,"minecraft:mob_kills":10,"minecraft:interact_with_crafting_table":15,"minecraft:damage_dealt_resisted":23,"minecraft:leave_game":1,"minecraft:time_since_death":4520,"minecraft:time_since_rest":4559,"minecraft:sprint_one_cm":83827,"minecraft:damage_taken":1805,"minecraft:walk_one_cm":165745,"minecraft:drop":34,"minecraft:damage_dealt":2207,"minecraft:swim_one_cm":7770,"minecraft:fly_one_cm":126402,"minecraft:player_kills":1,"minecraft:crouch_one_cm":6360,"minecraft:play_time":40941,"minecraft:deaths":2,"minecraft:sneak_time":831,"minecraft:walk_under_water_one_cm":4363,"minecraft:jump":354,"minecraft:walk_on_water_one_cm":17064,"minecraft:interact_with_smoker":8,"minecraft:total_world_time":40941,"minecraft:fall_one_cm":5372}},"DataVersion":3465}