{"stats":{"minecraft:picked_up":{"biomesoplenty:redwood_log":10,"croptopia:radish":3,"croptopia:grape_seed":1,"biomesoplenty:stripped_redwood_wood":1,"minecraft:oak_log":6,"croptopia:blueberry_seed":1,"minecraft:dirt":13,"minecraft:leather_boots":1,"minecraft:apple":9,"minecraft:kelp":91,"minecraft:wheat_seeds":1,"croptopia:blueberry":1,"biomesoplenty:redwood_wood":221,"minecraft:stick":21,"minecraft:sandstone":4,"croptopia:blackbean":1,"minecraft:torch":1,"born_in_chaos_v1:ethereal_spirit":1,"croptopia:blackbean_seed":1,"epicfight:skillbook":1,"minecraft:sand":5,"croptopia:grape":1,"minecraft:stone_sword":1,"croptopia:radish_seed":6,"minecraft:bread":7,"biomesoplenty:redwood_sapling":29,"minecraft:oak_sapling":1,"alexsmobs:flying_fish":1,"minecraft:cobblestone":20},"minecraft:crafted":{"minecraft:oak_planks":16,"biomesoplenty:redwood_planks":912,"minecraft:furnace":1,"spartanweaponry:wooden_club":1,"biomesoplenty:redwood_slab":126,"minecraft:stone_axe":1,"minecraft:stick":220,"minecraft:stone_pickaxe":1},"minecraft:killed":{"born_in_chaos_v1:restless_spirit":1,"minecraft:skeleton":1,"minecraft:zombie":1,"alexsmobs:flying_fish":1},"minecraft:dropped":{"minecraft:bread":7,"minecraft:wheat_seeds":1,"minecraft:stone_sword":1,"biomesoplenty:redwood_sapling":10,"minecraft:glass_bottle":1,"born_in_chaos_v1:ethereal_spirit":1,"biomesoplenty:redwood_planks":434,"minecraft:apple":9,"not_just_sandwich:sweet_berries_jam_bottle":2,"origins:orb_of_origin":2,"minecraft:torch":1,"minecraft:leather_boots":1,"gravestone:obituary":1},"minecraft:used":{"epicfight:skillbook":1,"minecraft:stone_sword":6,"minecraft:bundle":1,"minecraft:glass_bottle":13,"minecraft:stone_pickaxe":1,"biomesoplenty:redwood_sapling":1,"minecraft:sandstone":4,"minecraft:torch":1,"minecraft:dirt":13,"minecraft:sand":5,"not_just_sandwich:sweet_berries_jam_bottle":1,"alexsmobs:flying_fish":1,"minecraft:bread":7,"spartanweaponry:wooden_club":21,"minecraft:stone_axe":68,"minecraft:cobblestone":3,"minecraft:potion":12,"minecraft:furnace":1,"toughasnails:melon_juice":1,"minecraft:oak_sapling":1},"minecraft:mined":{"minecraft:kelp_plant":10,"croptopia:grape_crop":1,"gravestone:gravestone":1,"minecraft:grass_block":1,"minecraft:cobblestone":1,"minecraft:kelp":1,"minecraft:sandstone":4,"minecraft:seagrass":2,"minecraft:tall_seagrass":1,"treechop:chopped_log":3,"croptopia:radish_crop":3,"minecraft:sand":2,"minecraft:stone":19,"biomesoplenty:redwood_wood":4,"minecraft:fern":1},"minecraft:custom":{"minecraft:interact_with_furnace":4,"minecraft:mob_kills":4,"minecraft:interact_with_crafting_table":12,"minecraft:leave_game":1,"minecraft:time_since_death":27167,"minecraft:time_since_rest":27379,"minecraft:sprint_one_cm":53538,"minecraft:damage_taken":1262,"minecraft:walk_one_cm":94031,"minecraft:drop":22,"minecraft:damage_dealt":1057,"minecraft:swim_one_cm":7770,"minecraft:fly_one_cm":90132,"minecraft:crouch_one_cm":4528,"minecraft:play_time":28941,"minecraft:deaths":1,"minecraft:sneak_time":595,"minecraft:walk_under_water_one_cm":4363,"minecraft:jump":184,"minecraft:walk_on_water_one_cm":16520,"minecraft:total_world_time":28941,"minecraft:fall_one_cm":2897}},"DataVersion":3465}