{"stats":{"minecraft:picked_up":{"minecraft:stick":2,"minecraft:leather_boots":1,"minecraft:stone_sword":1,"minecraft:apple":9,"minecraft:torch":1,"minecraft:oak_log":6,"minecraft:bread":7,"minecraft:oak_sapling":1},"minecraft:crafted":{"spartanweaponry:wooden_club":1},"minecraft:dropped":{"gravestone:obituary":1,"minecraft:bread":7,"origins:orb_of_origin":2,"minecraft:apple":9,"minecraft:stone_sword":1,"minecraft:torch":1,"minecraft:leather_boots":1},"minecraft:used":{"minecraft:stone_sword":2,"minecraft:bundle":1,"minecraft:bread":3,"spartanweaponry:wooden_club":1},"minecraft:mined":{"gravestone:gravestone":1,"treechop:chopped_log":1},"minecraft:custom":{"minecraft:time_since_rest":3379,"minecraft:crouch_one_cm":28,"minecraft:sprint_one_cm":2875,"minecraft:walk_one_cm":13901,"minecraft:play_time":4941,"minecraft:damage_taken":540,"minecraft:deaths":1,"minecraft:sneak_time":2,"minecraft:drop":8,"minecraft:jump":15,"minecraft:damage_dealt":131,"minecraft:leave_game":1,"minecraft:walk_on_water_one_cm":1561,"minecraft:time_since_death":3167,"minecraft:total_world_time":4941,"minecraft:interact_with_crafting_table":2,"minecraft:fly_one_cm":5136}},"DataVersion":3465}