{"stats":{"minecraft:picked_up":{"minecraft:stick":2,"minecraft:sandstone":4,"croptopia:radish":3,"minecraft:torch":1,"born_in_chaos_v1:ethereal_spirit":1,"minecraft:sand":2,"minecraft:oak_log":6,"minecraft:dirt":1,"minecraft:leather_boots":1,"minecraft:stone_sword":1,"minecraft:apple":9,"croptopia:radish_seed":6,"minecraft:bread":7,"minecraft:oak_sapling":1,"minecraft:cobblestone":19},"minecraft:crafted":{"minecraft:oak_planks":16,"minecraft:stick":4,"minecraft:stone_pickaxe":1,"spartanweaponry:wooden_club":1,"minecraft:stone_axe":1},"minecraft:killed":{"born_in_chaos_v1:restless_spirit":1},"minecraft:dropped":{"minecraft:bread":7,"origins:orb_of_origin":2,"minecraft:stone_sword":1,"minecraft:torch":1,"minecraft:glass_bottle":1,"minecraft:leather_boots":1,"born_in_chaos_v1:ethereal_spirit":1,"gravestone:obituary":1,"not_just_sandwich:sweet_berries_jam_bottle":1,"minecraft:apple":9},"minecraft:used":{"minecraft:stone_sword":5,"minecraft:bundle":1,"minecraft:glass_bottle":4,"minecraft:bread":3,"minecraft:sandstone":4,"spartanweaponry:wooden_club":6,"minecraft:torch":1,"minecraft:dirt":1,"minecraft:sand":2,"minecraft:potion":3,"minecraft:oak_sapling":1,"toughasnails:melon_juice":1,"not_just_sandwich:sweet_berries_jam_bottle":1},"minecraft:mined":{"treechop:chopped_log":1,"gravestone:gravestone":1,"minecraft:grass_block":1,"croptopia:radish_crop":3,"minecraft:sand":2,"minecraft:stone":19,"minecraft:sandstone":4},"minecraft:custom":{"minecraft:time_since_rest":15379,"minecraft:sprint_one_cm":18839,"minecraft:damage_taken":919,"minecraft:walk_one_cm":51292,"minecraft:mob_kills":1,"minecraft:drop":11,"minecraft:damage_dealt":419,"minecraft:interact_with_crafting_table":4,"minecraft:fly_one_cm":54825,"minecraft:crouch_one_cm":2070,"minecraft:play_time":16941,"minecraft:deaths":1,"minecraft:sneak_time":304,"minecraft:jump":88,"minecraft:leave_game":1,"minecraft:time_since_death":15167,"minecraft:walk_on_water_one_cm":2115,"minecraft:total_world_time":16941,"minecraft:fall_one_cm":1374}},"DataVersion":3465}